{"cameraMode":{"drawMode":0,"name":"Shaded","section":"Shading Mode"},"sceneLighting":true,"audioPlay":false,"sceneViewState":{"m_AlwaysRefresh":false,"showFog":true,"showSkybox":true,"showFlares":true,"showImageEffects":true,"showParticleSystems":true,"showVisualEffectGraphs":true,"m_FxEnabled":true},"in2DMode":false,"pivot":{"x":8.135284423828125,"y":-41.12834167480469,"z":144.7498016357422},"rotation":{"x":0.10236814618110657,"y":-0.14070218801498414,"z":0.017660900950431825,"w":0.984578013420105},"size":119.52954864501953,"orthographic":false}